{"batch_loss": 0.2796236276626587, "_runtime": 492, "_timestamp": 1637874784, "_step": 2199, "epoch_loss": 25.455079016435775, "_wandb": {"runtime": 492}}