{"batch_loss": 0.617424726486206, "_runtime": 20, "_timestamp": 1639418469, "_step": 34, "epoch_loss": 21.338113248348236, "_wandb": {"runtime": 20}}