{"batch_loss": 0.617424726486206, "_runtime": 23, "_timestamp": 1639418075, "_step": 34, "epoch_loss": 21.338113248348236, "_wandb": {"runtime": 21}}