{"batch_loss": 0.27650195360183716, "_runtime": 48, "_timestamp": 1637874218, "_step": 219, "epoch_loss": 29.209257067097653, "_wandb": {"runtime": 47}}