{"batch_loss": 0.0628322958946228, "_runtime": 144, "_timestamp": 1637875680, "_step": 366, "epoch_loss": 13.550576101377374, "_wandb": {"runtime": 143}}