{"batch_loss": 0.32028302550315857, "_runtime": 44, "_timestamp": 1637875890, "_step": 109, "epoch_loss": 4.448083299814971e+17, "_wandb": {"runtime": 43}}