{"batch_loss": 5.757711179946394e+16, "_runtime": 83, "_timestamp": 1637875829, "_step": 210, "epoch_loss": 1.8142407311400398e+23, "_wandb": {"runtime": 82}}